#,id,content,sendTime,reveiver_id,sender_id
1,1,kjjspvQNK5jVRTBoacF5Vg==,2024-07-06 05:23:27.967991,1,2
2,2,Gsf5XGyo4Q2NZctEWhV3mQ==,2024-07-06 05:23:35.100319,2,1
3,3,CNA1KOHNsLXmwSaVYmQ/gg==,2024-07-06 05:23:42.507248,1,2
4,4,HGPlzoRFc18rFtIErgVDtA==,2024-07-06 05:26:30.911926,1,2
5,5,bVFk0dmgX/5C7q1cXJTTCw==,2024-07-06 05:30:43.980554,1,2
6,6,yCstp0BfCncXEeo23mZ4Iw==,2024-07-06 05:34:04.700886,2,1
7,7,6sEq7nlnkcbPBFGD5kmwGw==,2024-07-06 05:38:41.043103,1,2
8,8,BL0B5LV8GHEQ4RSPtKxM0A==,2024-07-06 05:45:15.345644,1,2
9,9,UKgzzyS+DCHsA3WqLiNOEg==,2024-07-06 05:45:25.161714,2,1
10,10,2lmJzYa/AM6/ClZBmOKnhA==,2024-07-06 05:50:28.510157,2,1
11,11,2qtuU2fC8SO5a/JtLFEpRA==,2024-07-06 05:52:58.054551,2,1
